{"cameraMode":{"drawMode":0,"name":"Shaded","section":"Shading Mode"},"sceneLighting":false,"audioPlay":false,"sceneViewState":{"m_AlwaysRefresh":false,"showFog":true,"showSkybox":false,"showFlares":true,"showImageEffects":true,"showParticleSystems":true,"showVisualEffectGraphs":true,"m_FxEnabled":true},"in2DMode":false,"pivot":{"x":2.2799999713897707,"y":1.5499999523162842,"z":-3.759999990463257},"rotation":{"x":0.15571239590644837,"y":-0.4623861312866211,"z":0.08285307884216309,"w":0.8689656257629395},"size":0.8660253882408142,"orthographic":false}