{"cameraMode":{"drawMode":0,"name":"Shaded","section":"Shading Mode"},"sceneLighting":true,"audioPlay":false,"sceneViewState":{"m_AlwaysRefresh":false,"showFog":true,"showSkybox":false,"showFlares":true,"showImageEffects":true,"showParticleSystems":true,"showVisualEffectGraphs":true,"m_FxEnabled":true},"in2DMode":false,"pivot":{"x":-0.02562566101551056,"y":-0.6307085156440735,"z":0.5693119764328003},"rotation":{"x":0.1494654268026352,"y":0.7047916650772095,"z":-0.14615745842456819,"w":0.6779157519340515},"size":3.354501962661743,"orthographic":false}